INSERT INTO users (uuid, username, email) VALUES ('c044a099-e489-43f8-9499-c04a371dbb62', 'LazarTest', 'test@lazar.com');
INSERT INTO users (uuid, username, email) VALUES ('6fa159b7-b937-4ed5-a2d0-52d0a3b53ccb', 'jpymm0', 'bpiolli0@w3.org');
insert into users (uuid, username, email) values ('f221441f-cd71-4c0e-9ecf-4129b42b83cd', 'idominique1', 'zfetter1@moonfruit.com');
insert into users (uuid, username, email) values ('0407d739-3650-40e9-9794-65d80372882c', 'rslot2', 'lroggeman2@epa.gov');
insert into users (uuid, username, email) values ('8a130215-6032-44bf-801e-f0782ae2fe57', 'jbuttwell3', 'tvarsey3@theglobeandmail.com');
insert into users (uuid, username, email) values ('c742e55a-7f16-46dd-b6a7-9d1283a6dae2', 'ecockroft4', 'sgoulstone4@oracle.com');
insert into users (uuid, username, email) values ('92788b79-74d4-438d-8a60-0cf9cb89b88b', 'abroschke5', 'hworgen5@fc2.com');
insert into users (uuid, username, email) values ('9ab5391c-9f08-4b9c-8926-e1989b706638', 'oyerson6', 'cdryden6@opensource.org');
insert into users (uuid, username, email) values ('9b14f974-9960-4e8d-8d54-36feb334d203', 'rmeader7', 'otackle7@google.com.au');
insert into users (uuid, username, email) values ('520ccbe9-f8ec-4060-9ea8-7fbc15404a59', 'tunderhill8', 'tstarkie8@umn.edu');
insert into users (uuid, username, email) values ('621887f8-f679-4f02-b0a6-514ac8cddb2d', 'kdrummond9', 'pfonteyne9@ning.com');
insert into users (uuid, username, email) values ('892b4e70-0724-450a-893e-1d0999ea3c87', 'soconnora', 'hjoiscea@themeforest.net');
insert into users (uuid, username, email) values ('f337c559-5f2a-48cf-982a-1a709302f720', 'pbadseyb', 'bpelmanb@google.com');
insert into users (uuid, username, email) values ('b54a4655-4a7e-40a8-ab0b-96907a70bed8', 'jrozierc', 'mmaudsleyc@plala.or.jp');
insert into users (uuid, username, email) values ('22fb7db2-3ba4-4fee-9cae-d5791e5c3a6e', 'tbrookesd', 'pashalld@mozilla.org');
insert into users (uuid, username, email) values ('851a5a5a-ad53-4986-ad23-483bb93c6f01', 'vjersche', 'jpickworthe@whitehouse.gov');
insert into users (uuid, username, email) values ('b1c6af25-1685-4d4f-85af-26cf3fd07107', 'aisackef', 'mgabbitisf@topsy.com');
insert into users (uuid, username, email) values ('36c19633-b174-4042-8265-822a7288e176', 'nhattg', 'icomollig@techcrunch.com');
insert into users (uuid, username, email) values ('f11e4698-ad7d-4270-8170-6f380bb59c10', 'sdinsmoreh', 'tvossh@apache.org');
insert into users (uuid, username, email) values ('c8353274-3c33-4b8c-9838-b3a85bc36179', 'mjennawayi', 'asendsi@typepad.com');
insert into users (uuid, username, email) values ('927da70d-e2c1-4cff-bb7b-dc849b75815e', 'astodartj', 'celdredj@mapy.cz');
insert into users (uuid, username, email) values ('f75d9e14-b987-4e3a-b40a-e0dd989dc9e6', 'aarissk', 'aforrestk@washington.edu');
insert into users (uuid, username, email) values ('10abd67f-b015-4219-baa6-2ac75c78f45c', 'zlivettl', 'lfothergilll@discovery.com');
insert into users (uuid, username, email) values ('44e007d1-3e6f-486f-848b-c6bc23c9c259', 'shevnerm', 'abittlesonm@plala.or.jp');
insert into users (uuid, username, email) values ('a3315477-f2b1-4e5c-876e-70d0c4ce7155', 'mredheadn', 'celrickn@yolasite.com');
insert into users (uuid, username, email) values ('461a40eb-d509-4e0a-880b-63ca38627fae', 'tstermano', 'bricho@canalblog.com');
insert into users (uuid, username, email) values ('a9a0fa59-bbf6-4668-8aca-4cd896ecfb08', 'lpoluzzip', 'kbonellep@vk.com');
insert into users (uuid, username, email) values ('88cd14aa-4208-4077-aea6-09a6f5b50278', 'draundq', 'cfairhamq@digg.com');
insert into users (uuid, username, email) values ('ab5fd973-0074-491f-a181-266c7926b654', 'pkohlermanr', 'bwhorltonr@blogs.com');
insert into users (uuid, username, email) values ('ce09007f-526f-4dbf-a56f-9e2760454bd5', 'cjenckess', 'lmaines@ucsd.edu');

insert into searches (uuid, user_uuid, query, ucnf, timestamp, job_uuid, result_uuid) values ('3b75a970-da86-4fbe-94b3-a3e53e25b9e0', 'b1c6af25-1685-4d4f-85af-26cf3fd07107', 'access', 'access', '2021-11-28 15:50:37', 'f862d106-4c0d-4085-b330-bb7d03973d24', null);
insert into searches (uuid, user_uuid, query, ucnf, timestamp, job_uuid, result_uuid) values ('0531b7c8-56e6-4788-9d07-2d221805b505', 'a9a0fa59-bbf6-4668-8aca-4cd896ecfb08', 'multi-state', 'multi-state', '2021-10-31 21:01:26', '3b3e2ccd-861a-4caf-bd75-c885e73ba205', null);
insert into searches (uuid, user_uuid, query, ucnf, timestamp, job_uuid, result_uuid) values ('e678eeab-937c-4d23-b752-145572bbafc8', 'c8353274-3c33-4b8c-9838-b3a85bc36179', 'mission-critical', 'mission-critical', '2021-10-07 03:19:22', '8f5e5972-1861-4f06-996e-5ce92f95e077', null);
insert into searches (uuid, user_uuid, query, ucnf, timestamp, job_uuid, result_uuid) values ('662c0a6a-22e3-4fec-861a-dcc2704b01b7', 'f337c559-5f2a-48cf-982a-1a709302f720', 'Robust', 'robust', '2021-04-30 00:39:51', '82fbcb66-93b0-4fe5-bcb3-e70dc6e4cce0', null);
insert into searches (uuid, user_uuid, query, ucnf, timestamp, job_uuid, result_uuid) values ('f61ff4bf-c3aa-4b6e-9576-4693478f705b', 'c044a099-e489-43f8-9499-c04a371dbb62', 'Devolved', 'devolved', '2021-09-20 22:37:18', '1c41ab26-ac5b-4e5d-8828-02e51db2c951', null);
insert into searches (uuid, user_uuid, query, ucnf, timestamp, job_uuid, result_uuid) values ('fdd3ab2b-1cde-4309-9ad7-3af7d7f37a11', 'ce09007f-526f-4dbf-a56f-9e2760454bd5', 'Customer-focused', 'customer-focused', '2021-06-26 18:22:02', '3d10cf59-3386-4c3b-9d10-8e6cb059fdba', null);
insert into searches (uuid, user_uuid, query, ucnf, timestamp, job_uuid, result_uuid) values ('6fb1dd38-5b3f-4ef1-b909-038bc9a90d5f', 'c044a099-e489-43f8-9499-c04a371dbb62', 'analyzer', 'analyzer', '2021-05-31 12:39:14', '64b36169-47a2-4ea3-abc5-339a57906204', null);
insert into searches (uuid, user_uuid, query, ucnf, timestamp, job_uuid, result_uuid) values ('4c3f08eb-b12e-45ba-8ae6-a2bdc2ac9f06', '520ccbe9-f8ec-4060-9ea8-7fbc15404a59', 'hierarchy', 'hierarchy', '2021-05-29 00:53:38', 'ff1e8b90-18b8-4477-8e09-07f275ea960b', null);
insert into searches (uuid, user_uuid, query, ucnf, timestamp, job_uuid, result_uuid) values ('8e4e4e86-d144-4572-98b7-ef49d8ef624a', '36c19633-b174-4042-8265-822a7288e176', 'concept', 'concept', '2022-04-13 19:19:16', '88877ec0-8e0b-4189-9639-e7ced5b798d5', null);
insert into searches (uuid, user_uuid, query, ucnf, timestamp, job_uuid, result_uuid) values ('b9787d6a-fdb3-412c-99ca-aae6816de31e', '520ccbe9-f8ec-4060-9ea8-7fbc15404a59', 'needs-based', 'needs-based', '2021-08-11 03:51:00', 'bbd6a559-ceba-4bf8-a67b-78faa03e9f26', null);
insert into searches (uuid, user_uuid, query, ucnf, timestamp, job_uuid, result_uuid) values ('fffe6246-86b3-4906-810d-c8d3cca42b0f', '36c19633-b174-4042-8265-822a7288e176', 'Down-sized', 'down-sized', '2021-05-11 17:53:21', '68f9fbaa-bb6d-4c62-91be-ee7492e93db5', null);
insert into searches (uuid, user_uuid, query, ucnf, timestamp, job_uuid, result_uuid) values ('e4124df5-9c94-42c0-9118-9215f05dd7b1', 'f337c559-5f2a-48cf-982a-1a709302f720', 'Extended', 'extended', '2021-10-31 01:04:16', '4051c25e-47bd-4589-9525-5c4ec7e50637', null);
insert into searches (uuid, user_uuid, query, ucnf, timestamp, job_uuid, result_uuid) values ('aedf16dd-2bed-4016-abf6-ad6793bf621d', 'b1c6af25-1685-4d4f-85af-26cf3fd07107', 'Vision-oriented', 'vision-oriented', '2022-02-10 04:40:15', 'c9ad4da8-633b-4ece-92d7-7a891923d386', null);
insert into searches (uuid, user_uuid, query, ucnf, timestamp, job_uuid, result_uuid) values ('886849ba-8b6d-425a-b512-c223b8b734b3', 'c044a099-e489-43f8-9499-c04a371dbb62', 'Monitored', 'monitored', '2021-11-06 06:52:11', 'e87502c3-af34-42c9-b38b-63088b97c161', null);
insert into searches (uuid, user_uuid, query, ucnf, timestamp, job_uuid, result_uuid) values ('e4bb91ac-b0c3-41ff-8e54-973b3a1aae8c', 'b1c6af25-1685-4d4f-85af-26cf3fd07107', 'architecture', 'architecture', '2021-05-21 18:33:35', '0c241cfa-1c5b-4a29-bf13-9aaf2fc3fbd5', null);
insert into searches (uuid, user_uuid, query, ucnf, timestamp, job_uuid, result_uuid) values ('c02f480b-8d25-442c-905f-ed1fee95703c', 'a9a0fa59-bbf6-4668-8aca-4cd896ecfb08', 'content-based', 'content-based', '2021-09-17 20:31:00', 'd7e7c11b-cffc-462c-8e5d-5415f91c831d', null);
insert into searches (uuid, user_uuid, query, ucnf, timestamp, job_uuid, result_uuid) values ('fe9c3869-4788-497b-af4a-82b7ad926258', '6fa159b7-b937-4ed5-a2d0-52d0a3b53ccb', 'adapter', 'adapter', '2021-06-16 02:54:39', '57926a65-e335-4792-ad24-a66a59e07a5f', null);
insert into searches (uuid, user_uuid, query, ucnf, timestamp, job_uuid, result_uuid) values ('42c0adb1-4af5-4cb2-9fa0-c2432b46a9f3', '520ccbe9-f8ec-4060-9ea8-7fbc15404a59', 'Grass-roots', 'grass-roots', '2022-01-30 22:06:36', '10a59a1d-6080-462a-bd7b-0ac095528055', null);
insert into searches (uuid, user_uuid, query, ucnf, timestamp, job_uuid, result_uuid) values ('6fb4e19f-ffbd-4f07-8e3c-e8a2b9fc60ab', '520ccbe9-f8ec-4060-9ea8-7fbc15404a59', 'framework', 'framework', '2022-03-18 09:42:46', 'fa23b350-58df-4cf9-9d8d-7e1cdee08c62', null);
insert into searches (uuid, user_uuid, query, ucnf, timestamp, job_uuid, result_uuid) values ('f28fe58f-f20a-4d33-a80b-0180748d3645', 'c044a099-e489-43f8-9499-c04a371dbb62', 'directional', 'directional', '2022-01-19 10:40:08', 'f3e094ba-d25a-432d-b8c1-be10b022a6a0', null);
insert into searches (uuid, user_uuid, query, ucnf, timestamp, job_uuid, result_uuid) values ('208263ba-8905-48b9-9a51-f4a8524e2ce7', 'f337c559-5f2a-48cf-982a-1a709302f720', 'next generation', 'next generation', '2021-05-26 19:44:43', null, '37dbfa52-87a1-4bbf-8145-a6d104a22351');
insert into searches (uuid, user_uuid, query, ucnf, timestamp, job_uuid, result_uuid) values ('d2ae3641-2806-4a5e-bc17-0e6a7534c90e', 'c044a099-e489-43f8-9499-c04a371dbb62', 'functionalities', 'functionalities', '2021-04-29 03:43:07', null, '4555a844-9766-4bf1-90c4-efea0df8f2d8');
insert into searches (uuid, user_uuid, query, ucnf, timestamp, job_uuid, result_uuid) values ('ef5b9235-2cc6-400d-920a-c6d4d157a973', 'f337c559-5f2a-48cf-982a-1a709302f720', 'Face to face', 'face to face', '2022-01-26 13:34:43', null, '9baff20b-ac02-47ee-8345-2637d50b51d3');
insert into searches (uuid, user_uuid, query, ucnf, timestamp, job_uuid, result_uuid) values ('0a2810a3-68af-4948-9a46-03e8e33ef20e', 'b1c6af25-1685-4d4f-85af-26cf3fd07107', 'software', 'software', '2022-02-11 20:50:04', null, '1b62855e-c4fc-4b84-adeb-0deb2886dc94');
insert into searches (uuid, user_uuid, query, ucnf, timestamp, job_uuid, result_uuid) values ('8649a166-1390-4af0-b8ac-65c63c0d7f3f', 'b1c6af25-1685-4d4f-85af-26cf3fd07107', 'User-friendly', 'user-friendly', '2021-06-16 07:16:46', null, 'ddbc62cd-c9b3-47f8-a88f-8853b756f643');
insert into searches (uuid, user_uuid, query, ucnf, timestamp, job_uuid, result_uuid) values ('29967089-76fa-473d-9a3b-62bffd643163', 'f337c559-5f2a-48cf-982a-1a709302f720', 'utilisation', 'utilisation', '2021-07-27 19:38:07', null, '26dd84ef-5836-444a-9b47-05ff9d261c1e');
insert into searches (uuid, user_uuid, query, ucnf, timestamp, job_uuid, result_uuid) values ('8673d76f-fc46-47eb-a807-e829a7d598d9', 'ce09007f-526f-4dbf-a56f-9e2760454bd5', 'help-desk', 'help-desk', '2022-01-20 06:38:44', null, '50a69566-3d73-4163-9405-8c314d71970f');
insert into searches (uuid, user_uuid, query, ucnf, timestamp, job_uuid, result_uuid) values ('05ecacae-77f0-4ad0-8ad6-56c7ca68b16f', 'a9a0fa59-bbf6-4668-8aca-4cd896ecfb08', 'scalable', 'scalable', '2021-06-28 15:35:25', null, 'f87d1a5f-b476-48b9-8976-191e7668f254');
insert into searches (uuid, user_uuid, query, ucnf, timestamp, job_uuid, result_uuid) values ('02d6777d-40c7-4017-825a-3a668411af79', 'f337c559-5f2a-48cf-982a-1a709302f720', 'challenge', 'challenge', '2021-06-12 06:28:18', null, '69c1c881-9f4a-45e9-8ce7-43e9240723fd');
insert into searches (uuid, user_uuid, query, ucnf, timestamp, job_uuid, result_uuid) values ('0f518b0f-56e7-434c-87a5-b10e519ef1de', 'b1c6af25-1685-4d4f-85af-26cf3fd07107', 'upward-trending', 'upward-trending', '2021-07-23 05:18:05', null, '499a6fac-3f8f-489e-9c3a-3cf1e6193f11');

insert into jobs (uuid, timestamp, status) values ('c4d97a9e-ae62-4f3e-a525-f7433fc77994', '2022-04-07 03:35:07', 'processing');
insert into jobs (uuid, timestamp, status) values ('dd6d4c80-8e89-42f0-b6df-3d55e9fc171a', '2022-04-20 13:29:04', 'queued');
insert into jobs (uuid, timestamp, status) values ('305c48f0-ffb1-494e-b371-a209c5f3c868', '2021-06-16 18:05:34', 'processing');
insert into jobs (uuid, timestamp, status) values ('51aee2b9-6329-40af-ae79-789ff8ed593d', '2022-01-28 21:21:15', 'queued');
insert into jobs (uuid, timestamp, status) values ('e2fca091-daa5-4b8d-b688-92d58b2b05cc', '2021-08-05 17:40:39', 'processing');
insert into jobs (uuid, timestamp, status) values ('ace1c77e-a8ac-45c0-bc5c-b6d78642121e', '2021-05-23 02:58:42', 'queued');
insert into jobs (uuid, timestamp, status) values ('315b77df-06ab-4fcf-96b3-9419f529097a', '2021-10-03 04:47:17', 'queued');
insert into jobs (uuid, timestamp, status) values ('1e7c37ea-5525-4b3d-97ff-f1a1f72418bb', '2022-01-31 14:32:05', 'processing');
insert into jobs (uuid, timestamp, status) values ('5232cb6d-69fa-4718-a6dd-6e3f6aecbbce', '2022-02-09 08:14:01', 'queued');
insert into jobs (uuid, timestamp, status) values ('3fb3cbdc-56b1-4ef1-9073-5623a59ade2b', '2021-05-24 06:51:50', 'processing');
insert into jobs (uuid, timestamp, status) values ('9e69c752-7f15-4d05-8fcc-6c97c4c3a76d', '2021-05-29 03:12:58', 'processing');
insert into jobs (uuid, timestamp, status) values ('eacdc2fe-bafc-4126-ab6c-1654534da33a', '2022-01-05 02:57:04', 'processing');
insert into jobs (uuid, timestamp, status) values ('bf6e0752-1e25-4ba0-87a1-23fc980dac62', '2021-09-07 19:05:55', 'queued');
insert into jobs (uuid, timestamp, status) values ('38af0f48-01c8-4654-a383-52f6e0a597ee', '2021-06-07 11:23:29', 'processing');
insert into jobs (uuid, timestamp, status) values ('633369ca-57f7-4746-920c-70a0608aa9d3', '2021-10-13 06:41:12', 'processing');
insert into jobs (uuid, timestamp, status) values ('e73e372a-0ced-4f29-9e57-ed1623ffe9e8', '2021-06-28 04:16:03', 'queued');
insert into jobs (uuid, timestamp, status) values ('1d23894c-b8e6-46eb-a40a-45478df2dcb6', '2021-07-01 10:35:25', 'processing');
insert into jobs (uuid, timestamp, status) values ('3cc6f5d0-ab7b-4ca9-8c07-9ddc80eccdcc', '2021-06-08 10:22:44', 'queued');
insert into jobs (uuid, timestamp, status) values ('4f90f888-2ef1-4d6d-86e0-092bde78b137', '2021-11-08 04:05:05', 'processing');
insert into jobs (uuid, timestamp, status) values ('199721f7-c3f4-48ce-9820-fdbf28f5da42', '2021-07-10 10:22:09', 'processing');
insert into jobs (uuid, timestamp, status) values ('5783fc30-f791-4e86-8e5b-74b9cbd50ecb', '2022-02-11 04:58:14', 'queued');
insert into jobs (uuid, timestamp, status) values ('b5a3fa7e-e2b0-4d96-8f04-6c39654c2712', '2021-10-21 23:43:02', 'processing');
insert into jobs (uuid, timestamp, status) values ('b84992de-6c46-44f6-9540-0df5bf4a075b', '2021-12-23 06:11:58', 'processing');
insert into jobs (uuid, timestamp, status) values ('1845d7a7-0c17-4886-a2c2-6f40b4f8785b', '2022-02-05 23:46:49', 'processing');
insert into jobs (uuid, timestamp, status) values ('f7bd032a-6c63-4c60-b462-dc8d5b75d0fa', '2022-02-17 17:39:49', 'queued');
insert into jobs (uuid, timestamp, status) values ('a83f150c-d7d2-4545-b67d-c6d510feb36a', '2021-12-18 12:06:20', 'queued');
insert into jobs (uuid, timestamp, status) values ('6154ea19-dbe5-445f-bd57-29ce413081cc', '2022-03-13 08:20:51', 'queued');
insert into jobs (uuid, timestamp, status) values ('47b3225a-9660-4ed5-8456-629020368033', '2021-05-07 14:07:41', 'queued');
insert into jobs (uuid, timestamp, status) values ('9d9c7002-1f67-42b6-85a5-d5c4b78259e4', '2022-03-22 12:00:34', 'queued');
insert into jobs (uuid, timestamp, status) values ('6a597736-3ba9-4d14-8f6a-d340368f7a29', '2022-02-09 12:29:04', 'processing');

insert into results (uuid, data) values ('37dbfa52-87a1-4bbf-8145-a6d104a22351', 'Duis bibendum, felis sed interdum venenatis, turpis enim blandit mi, in porttitor pede justo eu massa. Donec dapibus. Duis at velit eu est congue elementum.');
insert into results (uuid, data) values ('4555a844-9766-4bf1-90c4-efea0df8f2d8', 'Aliquam quis turpis eget elit sodales scelerisque. Mauris sit amet eros. Suspendisse accumsan tortor quis turpis.');
insert into results (uuid, data) values ('9baff20b-ac02-47ee-8345-2637d50b51d3', 'In hac habitasse platea dictumst. Etiam faucibus cursus urna. Ut tellus.');
insert into results (uuid, data) values ('1b62855e-c4fc-4b84-adeb-0deb2886dc94', 'Vestibulum ac est lacinia nisi venenatis tristique. Fusce congue, diam id ornare imperdiet, sapien urna pretium nisl, ut volutpat sapien arcu sed augue. Aliquam erat volutpat.');
insert into results (uuid, data) values ('ddbc62cd-c9b3-47f8-a88f-8853b756f643', 'Nullam sit amet turpis elementum ligula vehicula consequat. Morbi a ipsum. Integer a nibh.');
insert into results (uuid, data) values ('26dd84ef-5836-444a-9b47-05ff9d261c1e', 'Integer ac leo. Pellentesque ultrices mattis odio. Donec vitae nisi.');
insert into results (uuid, data) values ('50a69566-3d73-4163-9405-8c314d71970f', 'Proin interdum mauris non ligula pellentesque ultrices. Phasellus id sapien in sapien iaculis congue. Vivamus metus arcu, adipiscing molestie, hendrerit at, vulputate vitae, nisl.');
insert into results (uuid, data) values ('f87d1a5f-b476-48b9-8976-191e7668f254', 'Nullam porttitor lacus at turpis. Donec posuere metus vitae ipsum. Aliquam non mauris.');
insert into results (uuid, data) values ('69c1c881-9f4a-45e9-8ce7-43e9240723fd', 'In hac habitasse platea dictumst. Etiam faucibus cursus urna. Ut tellus.');
insert into results (uuid, data) values ('499a6fac-3f8f-489e-9c3a-3cf1e6193f11', 'Fusce consequat. Nulla nisl. Nunc nisl.');

