INSERT INTO users (uuid, username, email) VALUES ('c044a099-e489-43f8-9499-c04a371dbb62', 'LazarTest', 'test@lazar.com');
INSERT INTO users (uuid, username, email) VALUES ('6fa159b7-b937-4ed5-a2d0-52d0a3b53ccb', 'jpymm0', 'bpiolli0@w3.org');
insert into users (uuid, username, email) values ('f221441f-cd71-4c0e-9ecf-4129b42b83cd', 'idominique1', 'zfetter1@moonfruit.com');
insert into users (uuid, username, email) values ('0407d739-3650-40e9-9794-65d80372882c', 'rslot2', 'lroggeman2@epa.gov');
insert into users (uuid, username, email) values ('8a130215-6032-44bf-801e-f0782ae2fe57', 'jbuttwell3', 'tvarsey3@theglobeandmail.com');
insert into users (uuid, username, email) values ('c742e55a-7f16-46dd-b6a7-9d1283a6dae2', 'ecockroft4', 'sgoulstone4@oracle.com');
insert into users (uuid, username, email) values ('92788b79-74d4-438d-8a60-0cf9cb89b88b', 'abroschke5', 'hworgen5@fc2.com');
insert into users (uuid, username, email) values ('9ab5391c-9f08-4b9c-8926-e1989b706638', 'oyerson6', 'cdryden6@opensource.org');
insert into users (uuid, username, email) values ('9b14f974-9960-4e8d-8d54-36feb334d203', 'rmeader7', 'otackle7@google.com.au');
insert into users (uuid, username, email) values ('520ccbe9-f8ec-4060-9ea8-7fbc15404a59', 'tunderhill8', 'tstarkie8@umn.edu');
insert into users (uuid, username, email) values ('621887f8-f679-4f02-b0a6-514ac8cddb2d', 'kdrummond9', 'pfonteyne9@ning.com');
insert into users (uuid, username, email) values ('892b4e70-0724-450a-893e-1d0999ea3c87', 'soconnora', 'hjoiscea@themeforest.net');
insert into users (uuid, username, email) values ('f337c559-5f2a-48cf-982a-1a709302f720', 'pbadseyb', 'bpelmanb@google.com');
insert into users (uuid, username, email) values ('b54a4655-4a7e-40a8-ab0b-96907a70bed8', 'jrozierc', 'mmaudsleyc@plala.or.jp');
insert into users (uuid, username, email) values ('22fb7db2-3ba4-4fee-9cae-d5791e5c3a6e', 'tbrookesd', 'pashalld@mozilla.org');
insert into users (uuid, username, email) values ('851a5a5a-ad53-4986-ad23-483bb93c6f01', 'vjersche', 'jpickworthe@whitehouse.gov');
insert into users (uuid, username, email) values ('b1c6af25-1685-4d4f-85af-26cf3fd07107', 'aisackef', 'mgabbitisf@topsy.com');
insert into users (uuid, username, email) values ('36c19633-b174-4042-8265-822a7288e176', 'nhattg', 'icomollig@techcrunch.com');
insert into users (uuid, username, email) values ('f11e4698-ad7d-4270-8170-6f380bb59c10', 'sdinsmoreh', 'tvossh@apache.org');
insert into users (uuid, username, email) values ('c8353274-3c33-4b8c-9838-b3a85bc36179', 'mjennawayi', 'asendsi@typepad.com');
insert into users (uuid, username, email) values ('927da70d-e2c1-4cff-bb7b-dc849b75815e', 'astodartj', 'celdredj@mapy.cz');
insert into users (uuid, username, email) values ('f75d9e14-b987-4e3a-b40a-e0dd989dc9e6', 'aarissk', 'aforrestk@washington.edu');
insert into users (uuid, username, email) values ('10abd67f-b015-4219-baa6-2ac75c78f45c', 'zlivettl', 'lfothergilll@discovery.com');
insert into users (uuid, username, email) values ('44e007d1-3e6f-486f-848b-c6bc23c9c259', 'shevnerm', 'abittlesonm@plala.or.jp');
insert into users (uuid, username, email) values ('a3315477-f2b1-4e5c-876e-70d0c4ce7155', 'mredheadn', 'celrickn@yolasite.com');
insert into users (uuid, username, email) values ('461a40eb-d509-4e0a-880b-63ca38627fae', 'tstermano', 'bricho@canalblog.com');
insert into users (uuid, username, email) values ('a9a0fa59-bbf6-4668-8aca-4cd896ecfb08', 'lpoluzzip', 'kbonellep@vk.com');
insert into users (uuid, username, email) values ('88cd14aa-4208-4077-aea6-09a6f5b50278', 'draundq', 'cfairhamq@digg.com');
insert into users (uuid, username, email) values ('ab5fd973-0074-491f-a181-266c7926b654', 'pkohlermanr', 'bwhorltonr@blogs.com');
insert into users (uuid, username, email) values ('ce09007f-526f-4dbf-a56f-9e2760454bd5', 'cjenckess', 'lmaines@ucsd.edu');

insert into searches (uuid, user_uuid, query, ucnf, timestamp, job_uuid, result_uuid) values ('df62b1bd-5876-4650-a80b-456ce4aca109', 'f337c559-5f2a-48cf-982a-1a709302f720', 'initiative', 'initiative', 'Tue May 03 12:23:21 CET 2022', 'f862d106-4c0d-4085-b330-bb7d03973d24', null);
insert into searches (uuid, user_uuid, query, ucnf, timestamp, job_uuid, result_uuid) values ('4a307b3f-5c80-4340-8069-8b1911a9bf7b', 'ce09007f-526f-4dbf-a56f-9e2760454bd5', 'workforce', 'workforce', 'Tue May 03 22:11:48 CET 2022', '3b3e2ccd-861a-4caf-bd75-c885e73ba205', null);
insert into searches (uuid, user_uuid, query, ucnf, timestamp, job_uuid, result_uuid) values ('8d2275e9-175f-4cac-b45f-5168ad5c9461', 'c8353274-3c33-4b8c-9838-b3a85bc36179', 'Optional', 'optional', 'Tue May 03 12:35:49 CET 2022', '8f5e5972-1861-4f06-996e-5ce92f95e077', null);
insert into searches (uuid, user_uuid, query, ucnf, timestamp, job_uuid, result_uuid) values ('cd18854b-8f25-4b91-9b84-0aa4dac2bf36', 'a9a0fa59-bbf6-4668-8aca-4cd896ecfb08', 'tangible', 'tangible', 'Tue May 03 10:05:39 CET 2022', '82fbcb66-93b0-4fe5-bcb3-e70dc6e4cce0', null);
insert into searches (uuid, user_uuid, query, ucnf, timestamp, job_uuid, result_uuid) values ('19302c87-6589-45a4-9040-876dd855706a', 'c044a099-e489-43f8-9499-c04a371dbb62', 'dynamic', 'dynamic', 'Tue May 03 9:00:37 CET 2022', '1c41ab26-ac5b-4e5d-8828-02e51db2c951', null);
insert into searches (uuid, user_uuid, query, ucnf, timestamp, job_uuid, result_uuid) values ('48304e2e-447f-40ba-9613-49408268e8b2', 'a9a0fa59-bbf6-4668-8aca-4cd896ecfb08', 'impactful', 'impactful', 'Tue May 03 21:14:00 CET 2022', '3d10cf59-3386-4c3b-9d10-8e6cb059fdba', null);
insert into searches (uuid, user_uuid, query, ucnf, timestamp, job_uuid, result_uuid) values ('e8c63411-add1-4a5c-83ce-2a8a0aa78d24', 'f337c559-5f2a-48cf-982a-1a709302f720', 'Function-based', 'function-based', 'Tue May 03 11:09:06 CET 2022', '64b36169-47a2-4ea3-abc5-339a57906204', null);
insert into searches (uuid, user_uuid, query, ucnf, timestamp, job_uuid, result_uuid) values ('27e103d0-1375-4bf7-b76e-b3532fc75aca', 'b54a4655-4a7e-40a8-ab0b-96907a70bed8', 'Grass-roots', 'grass-roots', 'Tue May 03 21:43:47 CET 2022', 'ff1e8b90-18b8-4477-8e09-07f275ea960b', null);
insert into searches (uuid, user_uuid, query, ucnf, timestamp, job_uuid, result_uuid) values ('9fd31b8a-4458-4864-afc1-78dfc62ad2d9', 'c8353274-3c33-4b8c-9838-b3a85bc36179', 'implementation', 'implementation', 'Tue May 03 0:47:35 CET 2022', '88877ec0-8e0b-4189-9639-e7ced5b798d5', null);
insert into searches (uuid, user_uuid, query, ucnf, timestamp, job_uuid, result_uuid) values ('6cfca8e3-b736-4948-a20a-c9236d065792', 'c044a099-e489-43f8-9499-c04a371dbb62', 'orchestration', 'orchestration', 'Tue May 03 18:44:40 CET 2022', 'bbd6a559-ceba-4bf8-a67b-78faa03e9f26', null);
insert into searches (uuid, user_uuid, query, ucnf, timestamp, job_uuid, result_uuid) values ('1cfe412e-0c3c-4fe7-9682-86b86be0d649', 'ce09007f-526f-4dbf-a56f-9e2760454bd5', 'neural-net', 'neural-net', 'Tue May 03 23:10:26 CET 2022', '68f9fbaa-bb6d-4c62-91be-ee7492e93db5', null);
insert into searches (uuid, user_uuid, query, ucnf, timestamp, job_uuid, result_uuid) values ('46d7051c-e07b-4975-90d8-ed5b1d74a59f', 'f337c559-5f2a-48cf-982a-1a709302f720', 'client-driven', 'client-driven', 'Tue May 03 10:45:43 CET 2022', '4051c25e-47bd-4589-9525-5c4ec7e50637', null);
insert into searches (uuid, user_uuid, query, ucnf, timestamp, job_uuid, result_uuid) values ('ba09696d-64a5-44e5-ae36-ec2a47e3c1ab', 'b54a4655-4a7e-40a8-ab0b-96907a70bed8', 'client-driven', 'client-driven', 'Tue May 03 0:12:20 CET 2022', 'c9ad4da8-633b-4ece-92d7-7a891923d386', null);
insert into searches (uuid, user_uuid, query, ucnf, timestamp, job_uuid, result_uuid) values ('75547085-2c9b-4b4b-800a-1f09ea6509aa', 'c8353274-3c33-4b8c-9838-b3a85bc36179', 'Multi-channelled', 'multi-channelled', 'Tue May 03 1:49:16 CET 2022', 'e87502c3-af34-42c9-b38b-63088b97c161', null);
insert into searches (uuid, user_uuid, query, ucnf, timestamp, job_uuid, result_uuid) values ('35877203-f92c-4f27-b7b4-f09f804b1358', 'c044a099-e489-43f8-9499-c04a371dbb62', 'Quality-focused', 'quality-focused', 'Tue May 03 19:25:09 CET 2022', '0c241cfa-1c5b-4a29-bf13-9aaf2fc3fbd5', null);
insert into searches (uuid, user_uuid, query, ucnf, timestamp, job_uuid, result_uuid) values ('0bd6728c-9ff4-4cd7-9fc6-1bdc754a76e0', 'a9a0fa59-bbf6-4668-8aca-4cd896ecfb08', 'solution-oriented', 'solution-oriented', 'Tue May 03 10:02:40 CET 2022', 'd7e7c11b-cffc-462c-8e5d-5415f91c831d', null);
insert into searches (uuid, user_uuid, query, ucnf, timestamp, job_uuid, result_uuid) values ('64f1c25e-7107-4d88-a65a-e246fa8f43de', 'c044a099-e489-43f8-9499-c04a371dbb62', 'dynamic', 'dynamic', 'Tue May 03 3:02:58 CET 2022', '57926a65-e335-4792-ad24-a66a59e07a5f', null);
insert into searches (uuid, user_uuid, query, ucnf, timestamp, job_uuid, result_uuid) values ('6f391d0f-c60e-40a5-ac1d-8195b59e0e65', 'c044a099-e489-43f8-9499-c04a371dbb62', 'help-desk', 'help-desk', 'Tue May 03 8:32:06 CET 2022', '10a59a1d-6080-462a-bd7b-0ac095528055', null);
insert into searches (uuid, user_uuid, query, ucnf, timestamp, job_uuid, result_uuid) values ('be6775bd-4eba-4ad0-ae36-795c9c0a256a', 'c044a099-e489-43f8-9499-c04a371dbb62', 'Streamlined', 'streamlined', 'Tue May 03 23:41:23 CET 2022', 'fa23b350-58df-4cf9-9d8d-7e1cdee08c62', null);
insert into searches (uuid, user_uuid, query, ucnf, timestamp, job_uuid, result_uuid) values ('fb75e703-75ae-4be0-a7b7-786de436a0c7', 'f337c559-5f2a-48cf-982a-1a709302f720', 'orchestration', 'orchestration', 'Tue May 03 10:07:22 CET 2022', 'f3e094ba-d25a-432d-b8c1-be10b022a6a0', null);
insert into searches (uuid, user_uuid, query, ucnf, timestamp, job_uuid, result_uuid) values ('61eeef40-e624-4b31-8ad3-2290aca94ade', '520ccbe9-f8ec-4060-9ea8-7fbc15404a59', 'extranet', 'extranet', 'Tue May 03 12:41:03 CET 2022', null, '37dbfa52-87a1-4bbf-8145-a6d104a22351');
insert into searches (uuid, user_uuid, query, ucnf, timestamp, job_uuid, result_uuid) values ('51ee6d80-4264-4f5d-93b8-3ea3c4722f70', 'c044a099-e489-43f8-9499-c04a371dbb62', 'multimedia', 'multimedia', 'Tue May 03 17:06:13 CET 2022', null, '4555a844-9766-4bf1-90c4-efea0df8f2d8');
insert into searches (uuid, user_uuid, query, ucnf, timestamp, job_uuid, result_uuid) values ('95f1986f-a41b-4c63-99ca-373bae91c39b', '36c19633-b174-4042-8265-822a7288e176', 'Mandatory', 'mandatory', 'Tue May 03 16:53:57 CET 2022', null, '9baff20b-ac02-47ee-8345-2637d50b51d3');
insert into searches (uuid, user_uuid, query, ucnf, timestamp, job_uuid, result_uuid) values ('47929494-fb9e-423d-a2fa-6e5fa50188c3', 'ce09007f-526f-4dbf-a56f-9e2760454bd5', 'eco-centric', 'eco-centric', 'Tue May 03 10:33:57 CET 2022', null, '1b62855e-c4fc-4b84-adeb-0deb2886dc94');
insert into searches (uuid, user_uuid, query, ucnf, timestamp, job_uuid, result_uuid) values ('9cbdeabc-d896-4390-ad69-70d603865fd2', 'f337c559-5f2a-48cf-982a-1a709302f720', 'coherent', 'coherent', 'Tue May 03 2:26:22 CET 2022', null, 'ddbc62cd-c9b3-47f8-a88f-8853b756f643');
insert into searches (uuid, user_uuid, query, ucnf, timestamp, job_uuid, result_uuid) values ('d7860f2f-092b-436a-a47f-fcd1113f5a10', 'ce09007f-526f-4dbf-a56f-9e2760454bd5', 'framework', 'framework', 'Tue May 03 17:48:18 CET 2022', null, '26dd84ef-5836-444a-9b47-05ff9d261c1e');
insert into searches (uuid, user_uuid, query, ucnf, timestamp, job_uuid, result_uuid) values ('bf744852-7caf-497d-a26e-bbaac18388f6', 'ce09007f-526f-4dbf-a56f-9e2760454bd5', 'collaboration', 'collaboration', 'Tue May 03 11:36:10 CET 2022', null, '50a69566-3d73-4163-9405-8c314d71970f');
insert into searches (uuid, user_uuid, query, ucnf, timestamp, job_uuid, result_uuid) values ('aaf5d9e8-9982-49eb-8b66-1b3e6242915a', 'f337c559-5f2a-48cf-982a-1a709302f720', 'moratorium', 'moratorium', 'Tue May 03 0:49:00 CET 2022', null, 'f87d1a5f-b476-48b9-8976-191e7668f254');
insert into searches (uuid, user_uuid, query, ucnf, timestamp, job_uuid, result_uuid) values ('22cb73be-e4f1-404b-b2cb-2283196982c6', '520ccbe9-f8ec-4060-9ea8-7fbc15404a59', 'dedicated', 'dedicated', 'Tue May 03 21:17:52 CET 2022', null, '69c1c881-9f4a-45e9-8ce7-43e9240723fd');
insert into searches (uuid, user_uuid, query, ucnf, timestamp, job_uuid, result_uuid) values ('bd74fd90-9b2e-4ad4-a107-f8604611afa6', 'f337c559-5f2a-48cf-982a-1a709302f720', 'needs-based', 'needs-based', 'Tue May 03 23:46:57 CET 2022', null, '499a6fac-3f8f-489e-9c3a-3cf1e6193f11');

insert into jobs (uuid, timestamp, status) values ('f3e094ba-d25a-432d-b8c1-be10b022a6a0', 'Tue May 03 1:10:30 CET 2022', 'queued');
insert into jobs (uuid, timestamp, status) values ('fa23b350-58df-4cf9-9d8d-7e1cdee08c62', 'Tue May 03 17:24:25 CET 2022', 'queued');
insert into jobs (uuid, timestamp, status) values ('10a59a1d-6080-462a-bd7b-0ac095528055', 'Tue May 03 1:01:26 CET 2022', 'queued');
insert into jobs (uuid, timestamp, status) values ('57926a65-e335-4792-ad24-a66a59e07a5f', 'Tue May 03 0:41:41 CET 2022', 'processing');
insert into jobs (uuid, timestamp, status) values ('d7e7c11b-cffc-462c-8e5d-5415f91c831d', 'Tue May 03 7:29:36 CET 2022', 'queued');
insert into jobs (uuid, timestamp, status) values ('0c241cfa-1c5b-4a29-bf13-9aaf2fc3fbd5', 'Tue May 03 23:08:27 CET 2022', 'processing');
insert into jobs (uuid, timestamp, status) values ('e87502c3-af34-42c9-b38b-63088b97c161', 'Tue May 03 23:13:59 CET 2022', 'processing');
insert into jobs (uuid, timestamp, status) values ('c9ad4da8-633b-4ece-92d7-7a891923d386', 'Tue May 03 10:11:26 CET 2022', 'queued');
insert into jobs (uuid, timestamp, status) values ('4051c25e-47bd-4589-9525-5c4ec7e50637', 'Tue May 03 17:50:42 CET 2022', 'processing');
insert into jobs (uuid, timestamp, status) values ('68f9fbaa-bb6d-4c62-91be-ee7492e93db5', 'Tue May 03 21:08:59 CET 2022', 'processing');
insert into jobs (uuid, timestamp, status) values ('bbd6a559-ceba-4bf8-a67b-78faa03e9f26', 'Tue May 03 14:01:57 CET 2022', 'queued');
insert into jobs (uuid, timestamp, status) values ('88877ec0-8e0b-4189-9639-e7ced5b798d5', 'Tue May 03 22:20:38 CET 2022', 'queued');
insert into jobs (uuid, timestamp, status) values ('ff1e8b90-18b8-4477-8e09-07f275ea960b', 'Tue May 03 9:31:22 CET 2022', 'processing');
insert into jobs (uuid, timestamp, status) values ('64b36169-47a2-4ea3-abc5-339a57906204', 'Tue May 03 10:04:52 CET 2022', 'processing');
insert into jobs (uuid, timestamp, status) values ('3d10cf59-3386-4c3b-9d10-8e6cb059fdba', 'Tue May 03 7:54:27 CET 2022', 'processing');
insert into jobs (uuid, timestamp, status) values ('1c41ab26-ac5b-4e5d-8828-02e51db2c951', 'Tue May 03 23:13:22 CET 2022', 'processing');
insert into jobs (uuid, timestamp, status) values ('82fbcb66-93b0-4fe5-bcb3-e70dc6e4cce0', 'Tue May 03 5:33:22 CET 2022', 'processing');
insert into jobs (uuid, timestamp, status) values ('8f5e5972-1861-4f06-996e-5ce92f95e077', 'Tue May 03 4:54:15 CET 2022', 'queued');
insert into jobs (uuid, timestamp, status) values ('3b3e2ccd-861a-4caf-bd75-c885e73ba205', 'Tue May 03 13:33:30 CET 2022', 'queued');
insert into jobs (uuid, timestamp, status) values ('f862d106-4c0d-4085-b330-bb7d03973d24', 'Tue May 03 14:58:02 CET 2022', 'queued');

insert into results (uuid, data) values ('37dbfa52-87a1-4bbf-8145-a6d104a22351', 'Duis bibendum, felis sed interdum venenatis, turpis enim blandit mi, in porttitor pede justo eu massa. Donec dapibus. Duis at velit eu est congue elementum.');
insert into results (uuid, data) values ('4555a844-9766-4bf1-90c4-efea0df8f2d8', 'Aliquam quis turpis eget elit sodales scelerisque. Mauris sit amet eros. Suspendisse accumsan tortor quis turpis.');
insert into results (uuid, data) values ('9baff20b-ac02-47ee-8345-2637d50b51d3', 'In hac habitasse platea dictumst. Etiam faucibus cursus urna. Ut tellus.');
insert into results (uuid, data) values ('1b62855e-c4fc-4b84-adeb-0deb2886dc94', 'Vestibulum ac est lacinia nisi venenatis tristique. Fusce congue, diam id ornare imperdiet, sapien urna pretium nisl, ut volutpat sapien arcu sed augue. Aliquam erat volutpat.');
insert into results (uuid, data) values ('ddbc62cd-c9b3-47f8-a88f-8853b756f643', 'Nullam sit amet turpis elementum ligula vehicula consequat. Morbi a ipsum. Integer a nibh.');
insert into results (uuid, data) values ('26dd84ef-5836-444a-9b47-05ff9d261c1e', 'Integer ac leo. Pellentesque ultrices mattis odio. Donec vitae nisi.');
insert into results (uuid, data) values ('50a69566-3d73-4163-9405-8c314d71970f', 'Proin interdum mauris non ligula pellentesque ultrices. Phasellus id sapien in sapien iaculis congue. Vivamus metus arcu, adipiscing molestie, hendrerit at, vulputate vitae, nisl.');
insert into results (uuid, data) values ('f87d1a5f-b476-48b9-8976-191e7668f254', 'Nullam porttitor lacus at turpis. Donec posuere metus vitae ipsum. Aliquam non mauris.');
insert into results (uuid, data) values ('69c1c881-9f4a-45e9-8ce7-43e9240723fd', 'In hac habitasse platea dictumst. Etiam faucibus cursus urna. Ut tellus.');
insert into results (uuid, data) values ('499a6fac-3f8f-489e-9c3a-3cf1e6193f11', 'Fusce consequat. Nulla nisl. Nunc nisl.');

