INSERT INTO users (uuid, username, email) VALUES ('c044a099-e489-43f8-9499-c04a371dbb62', 'LazarTest', 'test@lazar.com');
INSERT INTO users (uuid, username, email) VALUES ('6fa159b7-b937-4ed5-a2d0-52d0a3b53ccb', 'jpymm0', 'bpiolli0@w3.org');
insert into users (uuid, username, email) values ('f221441f-cd71-4c0e-9ecf-4129b42b83cd', 'idominique1', 'zfetter1@moonfruit.com');
insert into users (uuid, username, email) values ('0407d739-3650-40e9-9794-65d80372882c', 'rslot2', 'lroggeman2@epa.gov');
insert into users (uuid, username, email) values ('8a130215-6032-44bf-801e-f0782ae2fe57', 'jbuttwell3', 'tvarsey3@theglobeandmail.com');
insert into users (uuid, username, email) values ('c742e55a-7f16-46dd-b6a7-9d1283a6dae2', 'ecockroft4', 'sgoulstone4@oracle.com');
insert into users (uuid, username, email) values ('92788b79-74d4-438d-8a60-0cf9cb89b88b', 'abroschke5', 'hworgen5@fc2.com');
insert into users (uuid, username, email) values ('9ab5391c-9f08-4b9c-8926-e1989b706638', 'oyerson6', 'cdryden6@opensource.org');
insert into users (uuid, username, email) values ('9b14f974-9960-4e8d-8d54-36feb334d203', 'rmeader7', 'otackle7@google.com.au');
insert into users (uuid, username, email) values ('520ccbe9-f8ec-4060-9ea8-7fbc15404a59', 'tunderhill8', 'tstarkie8@umn.edu');
insert into users (uuid, username, email) values ('621887f8-f679-4f02-b0a6-514ac8cddb2d', 'kdrummond9', 'pfonteyne9@ning.com');
insert into users (uuid, username, email) values ('892b4e70-0724-450a-893e-1d0999ea3c87', 'soconnora', 'hjoiscea@themeforest.net');
insert into users (uuid, username, email) values ('f337c559-5f2a-48cf-982a-1a709302f720', 'pbadseyb', 'bpelmanb@google.com');
insert into users (uuid, username, email) values ('b54a4655-4a7e-40a8-ab0b-96907a70bed8', 'jrozierc', 'mmaudsleyc@plala.or.jp');
insert into users (uuid, username, email) values ('22fb7db2-3ba4-4fee-9cae-d5791e5c3a6e', 'tbrookesd', 'pashalld@mozilla.org');
insert into users (uuid, username, email) values ('851a5a5a-ad53-4986-ad23-483bb93c6f01', 'vjersche', 'jpickworthe@whitehouse.gov');
insert into users (uuid, username, email) values ('b1c6af25-1685-4d4f-85af-26cf3fd07107', 'aisackef', 'mgabbitisf@topsy.com');
insert into users (uuid, username, email) values ('36c19633-b174-4042-8265-822a7288e176', 'nhattg', 'icomollig@techcrunch.com');
insert into users (uuid, username, email) values ('f11e4698-ad7d-4270-8170-6f380bb59c10', 'sdinsmoreh', 'tvossh@apache.org');
insert into users (uuid, username, email) values ('c8353274-3c33-4b8c-9838-b3a85bc36179', 'mjennawayi', 'asendsi@typepad.com');
insert into users (uuid, username, email) values ('927da70d-e2c1-4cff-bb7b-dc849b75815e', 'astodartj', 'celdredj@mapy.cz');
insert into users (uuid, username, email) values ('f75d9e14-b987-4e3a-b40a-e0dd989dc9e6', 'aarissk', 'aforrestk@washington.edu');
insert into users (uuid, username, email) values ('10abd67f-b015-4219-baa6-2ac75c78f45c', 'zlivettl', 'lfothergilll@discovery.com');
insert into users (uuid, username, email) values ('44e007d1-3e6f-486f-848b-c6bc23c9c259', 'shevnerm', 'abittlesonm@plala.or.jp');
insert into users (uuid, username, email) values ('a3315477-f2b1-4e5c-876e-70d0c4ce7155', 'mredheadn', 'celrickn@yolasite.com');
insert into users (uuid, username, email) values ('461a40eb-d509-4e0a-880b-63ca38627fae', 'tstermano', 'bricho@canalblog.com');
insert into users (uuid, username, email) values ('a9a0fa59-bbf6-4668-8aca-4cd896ecfb08', 'lpoluzzip', 'kbonellep@vk.com');
insert into users (uuid, username, email) values ('88cd14aa-4208-4077-aea6-09a6f5b50278', 'draundq', 'cfairhamq@digg.com');
insert into users (uuid, username, email) values ('ab5fd973-0074-491f-a181-266c7926b654', 'pkohlermanr', 'bwhorltonr@blogs.com');
insert into users (uuid, username, email) values ('ce09007f-526f-4dbf-a56f-9e2760454bd5', 'cjenckess', 'lmaines@ucsd.edu');

INSERT INTO searches (uuid, user_uuid, query, ucnf) VALUES ('c044a099-e489-43f8-9499-c04a371dbb65', 'c044a099-e489-43f8-9499-c04a371dbb62', 'HIV and SAHARA', 'HIV and SAHARA');
insert into searches (uuid, user_uuid, query, ucnf) values ('c05a559d-25d8-4657-bdb6-036516b7b748', 'c044a099-e489-43f8-9499-c04a371dbb62', 'real-time', 'real-time');
insert into searches (uuid, user_uuid, query, ucnf) values ('7a329510-c21b-4e12-ba4c-87bf9a8b84bd', '36c19633-b174-4042-8265-822a7288e176', 'client-server', 'client-server');
insert into searches (uuid, user_uuid, query, ucnf) values ('0a40ca95-bc51-402e-8d1e-fa6b9242459e', '6fa159b7-b937-4ed5-a2d0-52d0a3b53ccb', 'Exclusive', 'exclusive');
insert into searches (uuid, user_uuid, query, ucnf) values ('894132d6-f767-419a-a89f-fd26a4c12fe5', 'ce09007f-526f-4dbf-a56f-9e2760454bd5', 'upward-trending', 'upward-trending');
insert into searches (uuid, user_uuid, query, ucnf) values ('e1e33208-69e9-4560-921c-350e48ea536b', '36c19633-b174-4042-8265-822a7288e176', 'Monitored', 'monitored');
insert into searches (uuid, user_uuid, query, ucnf) values ('a7ef8aa2-887b-47d1-98a2-6f84132d72aa', 'c8353274-3c33-4b8c-9838-b3a85bc36179', 'moratorium', 'moratorium');
insert into searches (uuid, user_uuid, query, ucnf) values ('f90cb578-fd57-4ce1-9620-868ad6899650', 'c8353274-3c33-4b8c-9838-b3a85bc36179', 'holistic', 'holistic');
insert into searches (uuid, user_uuid, query, ucnf) values ('53003692-440e-4cf3-b8df-cf89e1c1f33a', 'a9a0fa59-bbf6-4668-8aca-4cd896ecfb08', 'Re-contextualized', 're-contextualized');
insert into searches (uuid, user_uuid, query, ucnf) values ('fa9115cc-6635-4a1c-9382-fae4e705c752', 'ce09007f-526f-4dbf-a56f-9e2760454bd5', 'Intuitive', 'intuitive');
insert into searches (uuid, user_uuid, query, ucnf) values ('ee6aba34-771f-435c-98d0-d918d2347277', '6fa159b7-b937-4ed5-a2d0-52d0a3b53ccb', 'orchestration', 'orchestration');
insert into searches (uuid, user_uuid, query, ucnf) values ('625c3cfe-a943-4e17-bad7-7c63b622ce91', 'ce09007f-526f-4dbf-a56f-9e2760454bd5', 'paradigm', 'paradigm');
insert into searches (uuid, user_uuid, query, ucnf) values ('df16922f-ddb1-4984-893d-5f58101dbdb5', 'b54a4655-4a7e-40a8-ab0b-96907a70bed8', 'zero defect', 'zero defect');
insert into searches (uuid, user_uuid, query, ucnf) values ('8cba276e-dd46-4a65-a98c-27cdf164bbbc', 'a9a0fa59-bbf6-4668-8aca-4cd896ecfb08', 'application', 'application');
insert into searches (uuid, user_uuid, query, ucnf) values ('2034e279-c158-4206-8604-24c2b9cf6b26', 'b54a4655-4a7e-40a8-ab0b-96907a70bed8', 'portal', 'portal');
insert into searches (uuid, user_uuid, query, ucnf) values ('697dd567-e53e-4d72-aa2f-6a5d8994e402', 'c044a099-e489-43f8-9499-c04a371dbb62', 'transitional', 'transitional');
insert into searches (uuid, user_uuid, query, ucnf) values ('fed97c37-6bed-4feb-9abe-69a60968b0dc', '6fa159b7-b937-4ed5-a2d0-52d0a3b53ccb', 'fresh-thinking', 'fresh-thinking');
insert into searches (uuid, user_uuid, query, ucnf) values ('2378bad0-8727-4fce-bbe9-b2da116ced7f', 'b1c6af25-1685-4d4f-85af-26cf3fd07107', 'superstructure', 'superstructure');
insert into searches (uuid, user_uuid, query, ucnf) values ('62d153cd-6395-4ac3-916d-133bff11b13d', 'f337c559-5f2a-48cf-982a-1a709302f720', 'paradigm', 'paradigm');
insert into searches (uuid, user_uuid, query, ucnf) values ('033b27e0-e14e-43d4-a71f-ab08df382688', 'b54a4655-4a7e-40a8-ab0b-96907a70bed8', 'monitoring', 'monitoring');
insert into searches (uuid, user_uuid, query, ucnf) values ('3e532679-579f-47b1-8fbf-7654a862c736', 'ce09007f-526f-4dbf-a56f-9e2760454bd5', 'client-server', 'client-server');
insert into searches (uuid, user_uuid, query, ucnf) values ('08292ef1-9089-418f-b4a6-bf9b76ba7f58', 'f337c559-5f2a-48cf-982a-1a709302f720', 'tangible', 'tangible');
insert into searches (uuid, user_uuid, query, ucnf) values ('c82d0ecf-82bb-46cb-9a6e-9fa68568d8ba', 'a9a0fa59-bbf6-4668-8aca-4cd896ecfb08', 'Distributed', 'distributed');
insert into searches (uuid, user_uuid, query, ucnf) values ('3351af04-a492-4583-b72f-27e449713b92', 'c044a099-e489-43f8-9499-c04a371dbb62', 'challenge', 'challenge');
insert into searches (uuid, user_uuid, query, ucnf) values ('52ada03e-736f-46f8-8a39-d2a8cb1d0c5a', 'c044a099-e489-43f8-9499-c04a371dbb62', 'archive', 'archive');
insert into searches (uuid, user_uuid, query, ucnf) values ('d8cea2b6-7bfa-48c5-ad3a-cf10d448d5cd', 'c044a099-e489-43f8-9499-c04a371dbb62', 'matrices', 'matrices');
insert into searches (uuid, user_uuid, query, ucnf) values ('a1bc8e44-4d55-4b10-8242-8c818eabf1b7', 'ce09007f-526f-4dbf-a56f-9e2760454bd5', 'data-warehouse', 'data-warehouse');
insert into searches (uuid, user_uuid, query, ucnf) values ('23f78166-8792-4acc-b7b3-77965d858d94', '36c19633-b174-4042-8265-822a7288e176', 'Graphical User Interface', 'graphical user interface');
insert into searches (uuid, user_uuid, query, ucnf) values ('aa2d5086-1df4-441d-b247-38d9d8b2a737', 'f337c559-5f2a-48cf-982a-1a709302f720', 'Right-sized', 'right-sized');
insert into searches (uuid, user_uuid, query, ucnf) values ('002a3ae8-ee5e-4aef-85e5-bca6839d2bfc', 'b1c6af25-1685-4d4f-85af-26cf3fd07107', 'Innovative', 'innovative');

insert into jobs (uuid, date, status) values ('f3e094ba-d25a-432d-b8c1-be10b022a6a0', 'Tue May 03 1:10:30 CET 2022', 'queued');
insert into jobs (uuid, date, status) values ('fa23b350-58df-4cf9-9d8d-7e1cdee08c62', 'Tue May 03 17:24:25 CET 2022', 'queued');
insert into jobs (uuid, date, status) values ('10a59a1d-6080-462a-bd7b-0ac095528055', 'Tue May 03 1:01:26 CET 2022', 'queued');
insert into jobs (uuid, date, status) values ('57926a65-e335-4792-ad24-a66a59e07a5f', 'Tue May 03 0:41:41 CET 2022', 'processing');
insert into jobs (uuid, date, status) values ('d7e7c11b-cffc-462c-8e5d-5415f91c831d', 'Tue May 03 7:29:36 CET 2022', 'queued');
insert into jobs (uuid, date, status) values ('0c241cfa-1c5b-4a29-bf13-9aaf2fc3fbd5', 'Tue May 03 23:08:27 CET 2022', 'processing');
insert into jobs (uuid, date, status) values ('e87502c3-af34-42c9-b38b-63088b97c161', 'Tue May 03 23:13:59 CET 2022', 'processing');
insert into jobs (uuid, date, status) values ('c9ad4da8-633b-4ece-92d7-7a891923d386', 'Tue May 03 10:11:26 CET 2022', 'queued');
insert into jobs (uuid, date, status) values ('4051c25e-47bd-4589-9525-5c4ec7e50637', 'Tue May 03 17:50:42 CET 2022', 'processing');
insert into jobs (uuid, date, status) values ('68f9fbaa-bb6d-4c62-91be-ee7492e93db5', 'Tue May 03 21:08:59 CET 2022', 'processing');
insert into jobs (uuid, date, status) values ('bbd6a559-ceba-4bf8-a67b-78faa03e9f26', 'Tue May 03 14:01:57 CET 2022', 'queued');
insert into jobs (uuid, date, status) values ('88877ec0-8e0b-4189-9639-e7ced5b798d5', 'Tue May 03 22:20:38 CET 2022', 'queued');
insert into jobs (uuid, date, status) values ('ff1e8b90-18b8-4477-8e09-07f275ea960b', 'Tue May 03 9:31:22 CET 2022', 'processing');
insert into jobs (uuid, date, status) values ('64b36169-47a2-4ea3-abc5-339a57906204', 'Tue May 03 10:04:52 CET 2022', 'processing');
insert into jobs (uuid, date, status) values ('3d10cf59-3386-4c3b-9d10-8e6cb059fdba', 'Tue May 03 7:54:27 CET 2022', 'processing');
insert into jobs (uuid, date, status) values ('1c41ab26-ac5b-4e5d-8828-02e51db2c951', 'Tue May 03 23:13:22 CET 2022', 'processing');
insert into jobs (uuid, date, status) values ('82fbcb66-93b0-4fe5-bcb3-e70dc6e4cce0', 'Tue May 03 5:33:22 CET 2022', 'processing');
insert into jobs (uuid, date, status) values ('8f5e5972-1861-4f06-996e-5ce92f95e077', 'Tue May 03 4:54:15 CET 2022', 'queued');
insert into jobs (uuid, date, status) values ('3b3e2ccd-861a-4caf-bd75-c885e73ba205', 'Tue May 03 13:33:30 CET 2022', 'queued');
insert into jobs (uuid, date, status) values ('f862d106-4c0d-4085-b330-bb7d03973d24', 'Tue May 03 14:58:02 CET 2022', 'queued');

insert into results (uuid, result) values ('37dbfa52-87a1-4bbf-8145-a6d104a22351', 'Duis bibendum, felis sed interdum venenatis, turpis enim blandit mi, in porttitor pede justo eu massa. Donec dapibus. Duis at velit eu est congue elementum.');
insert into results (uuid, result) values ('4555a844-9766-4bf1-90c4-efea0df8f2d8', 'Aliquam quis turpis eget elit sodales scelerisque. Mauris sit amet eros. Suspendisse accumsan tortor quis turpis.');
insert into results (uuid, result) values ('9baff20b-ac02-47ee-8345-2637d50b51d3', 'In hac habitasse platea dictumst. Etiam faucibus cursus urna. Ut tellus.');
insert into results (uuid, result) values ('1b62855e-c4fc-4b84-adeb-0deb2886dc94', 'Vestibulum ac est lacinia nisi venenatis tristique. Fusce congue, diam id ornare imperdiet, sapien urna pretium nisl, ut volutpat sapien arcu sed augue. Aliquam erat volutpat.');
insert into results (uuid, result) values ('ddbc62cd-c9b3-47f8-a88f-8853b756f643', 'Nullam sit amet turpis elementum ligula vehicula consequat. Morbi a ipsum. Integer a nibh.');
insert into results (uuid, result) values ('26dd84ef-5836-444a-9b47-05ff9d261c1e', 'Integer ac leo. Pellentesque ultrices mattis odio. Donec vitae nisi.');
insert into results (uuid, result) values ('50a69566-3d73-4163-9405-8c314d71970f', 'Proin interdum mauris non ligula pellentesque ultrices. Phasellus id sapien in sapien iaculis congue. Vivamus metus arcu, adipiscing molestie, hendrerit at, vulputate vitae, nisl.');
insert into results (uuid, result) values ('f87d1a5f-b476-48b9-8976-191e7668f254', 'Nullam porttitor lacus at turpis. Donec posuere metus vitae ipsum. Aliquam non mauris.');
insert into results (uuid, result) values ('69c1c881-9f4a-45e9-8ce7-43e9240723fd', 'In hac habitasse platea dictumst. Etiam faucibus cursus urna. Ut tellus.');
insert into results (uuid, result) values ('499a6fac-3f8f-489e-9c3a-3cf1e6193f11', 'Fusce consequat. Nulla nisl. Nunc nisl.');

